date,shift,auth_request_count,cardholder_inquiry_count,lost_stolen_count
2025-09-01,日勤,264,1168,671
2025-09-01,夜勤,32,345,329
2025-09-02,日勤,266,1185,665
2025-09-02,夜勤,35,338,334
2025-09-03,日勤,261,1143,682
2025-09-03,夜勤,31,356,340
2025-09-04,日勤,268,1113,656
2025-09-04,夜勤,31,350,338
2025-09-05,日勤,265,1138,652
2025-09-05,夜勤,32,342,336
2025-09-06,日勤,271,1147,669
2025-09-06,夜勤,30,350,341
2025-09-07,日勤,266,1164,655
2025-09-07,夜勤,34,338,335
2025-09-08,日勤,275,1159,654
2025-09-08,夜勤,30,353,338
2025-09-09,日勤,268,1160,671
2025-09-09,夜勤,30,351,336
2025-09-10,日勤,257,1124,657
2025-09-10,夜勤,32,341,347
2025-09-11,日勤,262,1108,656
2025-09-11,夜勤,32,339,337
2025-09-12,日勤,264,1144,656
2025-09-12,夜勤,32,354,334
2025-09-13,日勤,270,1166,659
2025-09-13,夜勤,32,355,347
2025-09-14,日勤,269,1146,671
2025-09-14,夜勤,31,351,340
2025-09-15,日勤,268,1126,670
2025-09-15,夜勤,30,346,349
2025-09-16,日勤,264,1159,656
2025-09-16,夜勤,33,354,342
2025-09-17,日勤,264,1191,663
2025-09-17,夜勤,34,337,341
2025-09-18,日勤,268,1153,671
2025-09-18,夜勤,31,345,333
2025-09-19,日勤,262,1159,646
2025-09-19,夜勤,32,339,338
2025-09-20,日勤,274,1130,650
2025-09-20,夜勤,29,356,334
2025-09-21,日勤,258,1142,664
2025-09-21,夜勤,30,357,338
2025-09-22,日勤,274,1177,665
2025-09-22,夜勤,31,342,334
2025-09-23,日勤,274,1167,668
2025-09-23,夜勤,31,346,330
2025-09-24,日勤,268,1168,679
2025-09-24,夜勤,32,353,325
2025-09-25,日勤,264,1136,651
2025-09-25,夜勤,29,346,333
2025-09-26,日勤,264,1165,671
2025-09-26,夜勤,33,344,334
2025-09-27,日勤,272,1120,675
2025-09-27,夜勤,29,349,335
2025-09-28,日勤,263,1132,682
2025-09-28,夜勤,31,349,341
2025-09-29,日勤,266,1140,677
2025-09-29,夜勤,33,347,332
2025-09-30,日勤,273,1168,662
2025-09-30,夜勤,31,351,335
2025-10-01,日勤,267,1156,665
2025-10-01,夜勤,30,357,331
2025-10-02,日勤,276,1170,664
2025-10-02,夜勤,32,345,343
2025-10-03,日勤,258,1171,678
2025-10-03,夜勤,30,353,337
2025-10-04,日勤,270,1184,664
2025-10-04,夜勤,33,347,333
2025-10-05,日勤,270,1134,663
2025-10-05,夜勤,31,348,334
2025-10-06,日勤,276,1175,651
2025-10-06,夜勤,32,346,339
2025-10-07,日勤,272,1119,684
2025-10-07,夜勤,31,354,350
2025-10-08,日勤,268,1146,645
2025-10-08,夜勤,34,352,351
2025-10-09,日勤,269,1169,679
2025-10-09,夜勤,31,347,334
2025-10-10,日勤,263,1131,650
2025-10-10,夜勤,33,347,334
2025-10-11,日勤,272,1146,666
2025-10-11,夜勤,30,338,343
2025-10-12,日勤,267,1157,667
2025-10-12,夜勤,31,342,341
2025-10-13,日勤,267,1173,684
2025-10-13,夜勤,33,353,334
2025-10-14,日勤,270,1169,642
2025-10-14,夜勤,32,353,333
2025-10-15,日勤,273,1130,667
2025-10-15,夜勤,35,362,330
2025-10-16,日勤,272,1147,655
2025-10-16,夜勤,34,344,329
2025-10-17,日勤,270,1150,659
2025-10-17,夜勤,32,340,333
2025-10-18,日勤,264,1175,638
2025-10-18,夜勤,35,343,336
2025-10-19,日勤,274,1167,673
2025-10-19,夜勤,32,360,335
2025-10-20,日勤,255,1184,647
2025-10-20,夜勤,30,350,339
2025-10-21,日勤,263,1175,658
2025-10-21,夜勤,31,353,325
2025-10-22,日勤,269,1155,649
2025-10-22,夜勤,31,357,329
2025-10-23,日勤,276,1170,682
2025-10-23,夜勤,32,348,328
2025-10-24,日勤,259,1174,662
2025-10-24,夜勤,31,352,344
2025-10-25,日勤,270,1126,664
2025-10-25,夜勤,34,338,340
2025-10-26,日勤,262,1150,644
2025-10-26,夜勤,31,349,340
2025-10-27,日勤,275,1156,675
2025-10-27,夜勤,31,347,343
2025-10-28,日勤,273,1142,669
2025-10-28,夜勤,31,343,336
2025-10-29,日勤,271,1181,665
2025-10-29,夜勤,30,352,337
2025-10-30,日勤,276,1160,668
2025-10-30,夜勤,33,349,338
2025-10-31,日勤,262,1194,662
2025-10-31,夜勤,32,344,340
2025-11-01,日勤,262,1182,680
2025-11-01,夜勤,34,340,335
2025-11-02,日勤,269,1139,671
2025-11-02,夜勤,33,338,347
2025-11-03,日勤,268,1200,657
2025-11-03,夜勤,32,343,332
2025-11-04,日勤,270,1128,664
2025-11-04,夜勤,29,340,339
2025-11-05,日勤,274,1150,657
2025-11-05,夜勤,31,352,339
2025-11-06,日勤,266,1144,681
2025-11-06,夜勤,31,343,335
2025-11-07,日勤,278,1137,671
2025-11-07,夜勤,31,343,339
2025-11-08,日勤,263,1182,654
2025-11-08,夜勤,34,346,336
2025-11-09,日勤,266,1161,676
2025-11-09,夜勤,32,346,344
2025-11-10,日勤,271,1113,670
2025-11-10,夜勤,29,346,340
2025-11-11,日勤,274,1155,648
2025-11-11,夜勤,30,345,335
2025-11-12,日勤,270,1150,651
2025-11-12,夜勤,30,346,338
2025-11-13,日勤,267,1122,666
2025-11-13,夜勤,33,353,336
2025-11-14,日勤,271,1145,668
2025-11-14,夜勤,31,353,330
2025-11-15,日勤,267,1178,664
2025-11-15,夜勤,31,348,335
2025-11-16,日勤,261,1150,641
2025-11-16,夜勤,32,344,348
2025-11-17,日勤,263,1148,659
2025-11-17,夜勤,31,348,343
2025-11-18,日勤,272,1169,682
2025-11-18,夜勤,29,344,337
2025-11-19,日勤,273,1147,669
2025-11-19,夜勤,30,347,338
2025-11-20,日勤,269,1187,660
2025-11-20,夜勤,33,344,336
2025-11-21,日勤,267,1164,672
2025-11-21,夜勤,33,344,346
2025-11-22,日勤,265,1163,683
2025-11-22,夜勤,30,343,335
2025-11-23,日勤,264,1165,660
2025-11-23,夜勤,29,345,340
2025-11-24,日勤,261,1188,651
2025-11-24,夜勤,32,354,332
2025-11-25,日勤,270,1144,678
2025-11-25,夜勤,35,348,332
2025-11-26,日勤,272,1174,674
2025-11-26,夜勤,33,341,339
2025-11-27,日勤,278,1180,668
2025-11-27,夜勤,31,340,340
2025-11-28,日勤,265,1181,673
2025-11-28,夜勤,33,349,333
2025-11-29,日勤,270,1182,660
2025-11-29,夜勤,29,345,343
2025-11-30,日勤,265,1161,666
2025-11-30,夜勤,33,338,330
2025-12-01,日勤,266,1150,662
2025-12-01,夜勤,30,346,350
2025-12-02,日勤,269,1142,673
2025-12-02,夜勤,32,343,337
2025-12-03,日勤,258,1159,682
2025-12-03,夜勤,31,356,340
2025-12-04,日勤,266,1154,673
2025-12-04,夜勤,32,346,333
2025-12-05,日勤,271,1157,664
2025-12-05,夜勤,31,347,347
2025-12-06,日勤,270,1148,659
2025-12-06,夜勤,45,379,326
2025-12-07,日勤,271,1125,659
2025-12-07,夜勤,34,340,326
2025-12-08,日勤,267,1141,659
2025-12-08,夜勤,29,351,338
2025-12-09,日勤,266,1177,653
2025-12-09,夜勤,34,353,332
2025-12-10,日勤,269,1185,683
2025-12-10,夜勤,31,351,332
2025-12-11,日勤,270,1184,677
2025-12-11,夜勤,32,351,332
2025-12-12,日勤,261,1155,656
2025-12-12,夜勤,31,346,340
2025-12-13,日勤,262,1145,661
2025-12-13,夜勤,29,344,334
2025-12-14,日勤,265,1166,680
2025-12-14,夜勤,31,349,340
2025-12-15,日勤,273,1122,662
2025-12-15,夜勤,33,354,334
2025-12-16,日勤,263,1161,660
2025-12-16,夜勤,30,348,337
2025-12-17,日勤,259,1177,671
2025-12-17,夜勤,32,347,335
2025-12-18,日勤,272,1143,685
2025-12-18,夜勤,32,347,343
2025-12-19,日勤,268,1165,669
2025-12-19,夜勤,31,347,330
2025-12-20,日勤,270,1133,665
2025-12-20,夜勤,33,345,334
2025-12-21,日勤,272,1165,672
2025-12-21,夜勤,31,363,334
2025-12-22,日勤,273,1148,678
2025-12-22,夜勤,30,344,334
2025-12-23,日勤,263,1141,670
2025-12-23,夜勤,30,352,349
2025-12-24,日勤,269,1163,662
2025-12-24,夜勤,29,341,326
2025-12-25,日勤,256,1182,659
2025-12-25,夜勤,32,360,345
2025-12-26,日勤,265,1134,668
2025-12-26,夜勤,32,354,331
2025-12-27,日勤,268,1142,657
2025-12-27,夜勤,31,357,338
2025-12-28,日勤,268,1131,675
2025-12-28,夜勤,29,357,339
2025-12-29,日勤,263,1118,643
2025-12-29,夜勤,33,350,332
2025-12-30,日勤,268,1125,672
2025-12-30,夜勤,31,347,332
2025-12-31,日勤,262,1178,674
2025-12-31,夜勤,32,348,334
2026-01-01,日勤,265,1187,697
2026-01-01,夜勤,32,357,338
2026-01-02,日勤,265,1147,682
2026-01-02,夜勤,31,342,333
2026-01-03,日勤,265,1180,691
2026-01-03,夜勤,31,354,334
2026-01-04,日勤,273,1176,667
2026-01-04,夜勤,32,345,328
2026-01-05,日勤,266,1192,655
2026-01-05,夜勤,31,363,331
2026-01-06,日勤,269,1183,669
2026-01-06,夜勤,32,353,336
2026-01-07,日勤,268,1175,646
2026-01-07,夜勤,30,343,348
2026-01-08,日勤,272,1142,666
2026-01-08,夜勤,32,352,346
2026-01-09,日勤,265,1153,678
2026-01-09,夜勤,33,341,343
2026-01-10,日勤,265,1149,657
2026-01-10,夜勤,32,344,336
2026-01-11,日勤,279,1128,670
2026-01-11,夜勤,30,358,345
2026-01-12,日勤,265,1135,664
2026-01-12,夜勤,33,352,343
2026-01-13,日勤,274,1133,672
2026-01-13,夜勤,32,348,335
2026-01-14,日勤,265,1105,680
2026-01-14,夜勤,32,337,333
2026-01-15,日勤,270,1174,664
2026-01-15,夜勤,33,343,339
2026-01-16,日勤,263,1141,679
2026-01-16,夜勤,32,347,334
2026-01-17,日勤,261,1129,666
2026-01-17,夜勤,31,337,320
2026-01-18,日勤,263,1159,674
2026-01-18,夜勤,30,354,323
2026-01-19,日勤,262,1129,682
2026-01-19,夜勤,31,340,340
2026-01-20,日勤,263,1131,673
2026-01-20,夜勤,33,352,331
2026-01-21,日勤,269,1183,645
2026-01-21,夜勤,32,341,340
2026-01-22,日勤,264,1153,659
2026-01-22,夜勤,33,353,320
2026-01-23,日勤,273,1170,653
2026-01-23,夜勤,31,333,336
2026-01-24,日勤,254,1149,667
2026-01-24,夜勤,32,348,335
2026-01-25,日勤,265,1120,673
2026-01-25,夜勤,32,347,319
2026-01-26,日勤,268,1129,676
2026-01-26,夜勤,32,349,333
2026-01-27,日勤,264,1139,666
2026-01-27,夜勤,30,362,331
2026-01-28,日勤,264,1148,650
2026-01-28,夜勤,33,346,331
2026-01-29,日勤,265,1122,675
2026-01-29,夜勤,30,339,332
2026-01-30,日勤,262,1150,648
2026-01-30,夜勤,32,345,340
2026-01-31,日勤,255,1150,681
2026-01-31,夜勤,33,348,330
2026-02-01,日勤,267,1154,689
2026-02-01,夜勤,31,359,338
2026-02-02,日勤,265,1124,671
2026-02-02,夜勤,35,352,327
2026-02-03,日勤,268,1174,673
2026-02-03,夜勤,33,346,343
2026-02-04,日勤,268,1148,676
2026-02-04,夜勤,32,351,333
2026-02-05,日勤,260,1135,654
2026-02-05,夜勤,29,335,334
2026-02-06,日勤,273,1173,664
2026-02-06,夜勤,30,338,338
2026-02-07,日勤,263,1173,673
2026-02-07,夜勤,31,348,335
2026-02-08,日勤,266,1187,656
2026-02-08,夜勤,31,344,338
2026-02-09,日勤,269,1152,649
2026-02-09,夜勤,29,343,330
2026-02-10,日勤,264,1177,685
2026-02-10,夜勤,33,350,333
2026-02-11,日勤,270,1168,676
2026-02-11,夜勤,31,348,346
2026-02-12,日勤,261,1127,666
2026-02-12,夜勤,35,352,345
2026-02-13,日勤,264,1163,653
2026-02-13,夜勤,32,354,331
2026-02-14,日勤,267,1148,676
2026-02-14,夜勤,30,344,332
2026-02-15,日勤,262,1093,661
2026-02-15,夜勤,35,344,332
2026-02-16,日勤,263,1151,644
2026-02-16,夜勤,34,337,342
2026-02-17,日勤,264,1179,673
2026-02-17,夜勤,33,338,340
2026-02-18,日勤,268,1169,673
2026-02-18,夜勤,32,353,337
2026-02-19,日勤,269,1172,650
2026-02-19,夜勤,29,352,342
2026-02-20,日勤,274,1143,670
2026-02-20,夜勤,30,336,333
2026-02-21,日勤,269,1128,677
2026-02-21,夜勤,35,348,339
2026-02-22,日勤,267,1117,664
2026-02-22,夜勤,32,337,331
2026-02-23,日勤,280,1156,666
2026-02-23,夜勤,30,351,332
2026-02-24,日勤,268,1144,660
2026-02-24,夜勤,33,347,332
2026-02-25,日勤,269,1170,653
2026-02-25,夜勤,31,360,326
2026-02-26,日勤,267,1152,647
2026-02-26,夜勤,30,353,345
2026-02-27,日勤,258,1194,663
2026-02-27,夜勤,35,338,325
2026-02-28,日勤,264,1182,661
2026-02-28,夜勤,32,348,344
2026-03-01,日勤,264,1150,659
2026-03-01,夜勤,31,349,345
2026-03-02,日勤,256,1164,672
2026-03-02,夜勤,34,352,335
2026-03-03,日勤,273,1182,657
2026-03-03,夜勤,32,350,333
2026-03-04,日勤,262,1129,675
2026-03-04,夜勤,32,335,338
2026-03-05,日勤,274,1157,662
2026-03-05,夜勤,33,342,343
2026-03-06,日勤,268,1146,661
2026-03-06,夜勤,32,352,334
2026-03-07,日勤,262,1160,656
2026-03-07,夜勤,33,348,341
2026-03-08,日勤,275,1128,674
2026-03-08,夜勤,32,362,333
2026-03-09,日勤,269,1156,670
2026-03-09,夜勤,31,340,341
2026-03-10,日勤,272,1147,679
2026-03-10,夜勤,33,357,327
2026-03-11,日勤,258,1115,666
2026-03-11,夜勤,32,350,334
2026-03-12,日勤,267,1153,665
2026-03-12,夜勤,33,345,340
2026-03-13,日勤,272,1149,680
2026-03-13,夜勤,32,343,329
2026-03-14,日勤,264,1168,665
2026-03-14,夜勤,31,345,337
2026-03-15,日勤,267,1178,684
2026-03-15,夜勤,30,340,336
2026-03-16,日勤,280,1169,663
2026-03-16,夜勤,34,352,330
2026-03-17,日勤,264,1173,670
2026-03-17,夜勤,31,348,328
2026-03-18,日勤,261,1146,663
2026-03-18,夜勤,32,350,323
2026-03-19,日勤,277,1172,674
2026-03-19,夜勤,32,359,335
2026-03-20,日勤,274,1162,658
2026-03-20,夜勤,33,343,329
2026-03-21,日勤,256,1160,672
2026-03-21,夜勤,32,341,330
2026-03-22,日勤,263,1155,679
2026-03-22,夜勤,32,346,331
2026-03-23,日勤,269,1133,672
2026-03-23,夜勤,32,352,337
2026-03-24,日勤,269,1201,670
2026-03-24,夜勤,32,345,333
2026-03-25,日勤,270,1113,658
2026-03-25,夜勤,32,344,340
2026-03-26,日勤,276,1131,668
2026-03-26,夜勤,31,345,331
2026-03-27,日勤,267,1175,667
2026-03-27,夜勤,31,342,340
2026-03-28,日勤,265,1145,671
2026-03-28,夜勤,32,343,334
2026-03-29,日勤,267,1196,658
2026-03-29,夜勤,33,352,335
2026-03-30,日勤,268,1193,676
2026-03-30,夜勤,30,345,338
2026-03-31,日勤,264,1132,666
2026-03-31,夜勤,30,348,336
2026-04-01,日勤,275,1172,646
2026-04-01,夜勤,32,351,338
2026-04-02,日勤,272,1144,666
2026-04-02,夜勤,31,345,330
2026-04-03,日勤,273,1145,644
2026-04-03,夜勤,32,360,328
2026-04-04,日勤,274,1171,662
2026-04-04,夜勤,32,351,330
2026-04-05,日勤,263,1144,678
2026-04-05,夜勤,33,343,337
2026-04-06,日勤,270,1149,661
2026-04-06,夜勤,30,355,333
2026-04-07,日勤,258,1176,668
2026-04-07,夜勤,33,340,335
2026-04-08,日勤,258,1140,653
2026-04-08,夜勤,30,345,341
2026-04-09,日勤,275,1154,653
2026-04-09,夜勤,33,344,337
2026-04-10,日勤,269,1143,662
2026-04-10,夜勤,31,350,338
2026-04-11,日勤,269,1152,651
2026-04-11,夜勤,30,355,324
2026-04-12,日勤,274,1132,652
2026-04-12,夜勤,29,352,349
2026-04-13,日勤,271,1160,655
2026-04-13,夜勤,32,349,333
2026-04-14,日勤,265,1155,656
2026-04-14,夜勤,32,347,338
2026-04-15,日勤,256,1154,673
2026-04-15,夜勤,31,343,330
2026-04-16,日勤,267,1144,676
2026-04-16,夜勤,32,358,338
2026-04-17,日勤,271,1154,659
2026-04-17,夜勤,33,345,332
2026-04-18,日勤,274,1134,650
2026-04-18,夜勤,31,352,328
2026-04-19,日勤,275,1180,664
2026-04-19,夜勤,32,350,328
2026-04-20,日勤,268,1152,665
2026-04-20,夜勤,30,357,338
2026-04-21,日勤,264,1161,667
2026-04-21,夜勤,31,340,326
2026-04-22,日勤,269,1154,662
2026-04-22,夜勤,31,350,335
2026-04-23,日勤,270,1166,647
2026-04-23,夜勤,31,348,338
2026-04-24,日勤,263,1168,662
2026-04-24,夜勤,35,357,330
2026-04-25,日勤,272,1183,666
2026-04-25,夜勤,33,343,336
2026-04-26,日勤,273,1127,666
2026-04-26,夜勤,32,335,327
2026-04-27,日勤,267,1157,633
2026-04-27,夜勤,32,351,353
2026-04-28,日勤,258,1172,665
2026-04-28,夜勤,34,356,341
2026-04-29,日勤,271,1143,634
2026-04-29,夜勤,30,350,336
2026-04-30,日勤,267,1182,659
2026-04-30,夜勤,32,343,327
2026-05-01,日勤,272,1134,662
2026-05-01,夜勤,33,358,325
2026-05-02,日勤,271,1154,684
2026-05-02,夜勤,32,352,332
2026-05-03,日勤,269,1157,676
2026-05-03,夜勤,32,349,347
2026-05-04,日勤,268,1150,665
2026-05-04,夜勤,33,352,335
2026-05-05,日勤,266,1150,662
2026-05-05,夜勤,30,354,326
2026-05-06,日勤,267,1149,667
2026-05-06,夜勤,33,351,335
2026-05-07,日勤,260,1121,693
2026-05-07,夜勤,31,346,334
2026-05-08,日勤,276,1156,661
2026-05-08,夜勤,30,356,324
2026-05-09,日勤,268,1178,671
2026-05-09,夜勤,32,355,332
2026-05-10,日勤,273,1186,662
2026-05-10,夜勤,31,340,337
2026-05-11,日勤,271,1145,672
2026-05-11,夜勤,33,354,328
2026-05-12,日勤,269,1150,644
2026-05-12,夜勤,31,342,334
2026-05-13,日勤,263,1133,652
2026-05-13,夜勤,31,351,341
2026-05-14,日勤,264,1164,685
2026-05-14,夜勤,33,351,350
2026-05-15,日勤,270,1164,660
2026-05-15,夜勤,32,349,337
2026-05-16,日勤,272,1152,694
2026-05-16,夜勤,32,346,335
2026-05-17,日勤,268,1121,665
2026-05-17,夜勤,32,352,342
2026-05-18,日勤,261,1137,662
2026-05-18,夜勤,33,336,337
2026-05-19,日勤,269,1129,663
2026-05-19,夜勤,33,338,337
2026-05-20,日勤,274,1175,665
2026-05-20,夜勤,34,351,341
2026-05-21,日勤,260,1155,651
2026-05-21,夜勤,31,348,340
2026-05-22,日勤,272,1168,662
2026-05-22,夜勤,34,341,336
2026-05-23,日勤,264,1155,673
2026-05-23,夜勤,34,338,345
2026-05-24,日勤,268,1175,664
2026-05-24,夜勤,31,343,344
2026-05-25,日勤,270,1202,653
2026-05-25,夜勤,35,351,342
2026-05-26,日勤,267,1141,666
2026-05-26,夜勤,33,350,327
2026-05-27,日勤,268,1143,683
2026-05-27,夜勤,33,346,341
2026-05-28,日勤,271,1146,655
2026-05-28,夜勤,29,349,337
2026-05-29,日勤,265,1133,658
2026-05-29,夜勤,32,344,339
2026-05-30,日勤,266,1152,657
2026-05-30,夜勤,35,352,340
2026-05-31,日勤,262,1155,655
2026-05-31,夜勤,32,343,332
2026-06-01,日勤,277,1155,667
2026-06-01,夜勤,31,342,341
2026-06-02,日勤,271,1148,660
2026-06-02,夜勤,32,351,338
2026-06-03,日勤,273,1183,642
2026-06-03,夜勤,32,355,336
2026-06-04,日勤,271,1148,686
2026-06-04,夜勤,59,390,340
2026-06-05,日勤,264,1148,650
2026-06-05,夜勤,32,346,334
2026-06-06,日勤,269,1142,656
2026-06-06,夜勤,32,337,326
2026-06-07,日勤,276,1163,662
2026-06-07,夜勤,34,346,337
2026-06-08,日勤,268,1146,652
2026-06-08,夜勤,32,336,330
2026-06-09,日勤,266,1131,668
2026-06-09,夜勤,33,340,331
2026-06-10,日勤,260,1169,680
2026-06-10,夜勤,31,352,321
2026-06-11,日勤,259,1136,672
2026-06-11,夜勤,32,350,340
2026-06-12,日勤,264,1187,637
2026-06-12,夜勤,31,337,336
2026-06-13,日勤,271,1177,669
2026-06-13,夜勤,31,351,326
2026-06-14,日勤,257,1120,657
2026-06-14,夜勤,31,345,338
2026-06-15,日勤,267,1196,663
2026-06-15,夜勤,32,341,335
2026-06-16,日勤,267,1154,648
2026-06-16,夜勤,34,350,339
2026-06-17,日勤,264,1126,668
2026-06-17,夜勤,34,347,337
2026-06-18,日勤,264,1152,661
2026-06-18,夜勤,31,335,330
2026-06-19,日勤,269,1097,665
2026-06-19,夜勤,31,339,342
2026-06-20,日勤,274,1150,651
2026-06-20,夜勤,32,350,339
2026-06-21,日勤,273,1144,661
2026-06-21,夜勤,30,343,350
2026-06-22,日勤,269,1181,658
2026-06-22,夜勤,31,332,345
2026-06-23,日勤,258,1140,683
2026-06-23,夜勤,33,354,335
2026-06-24,日勤,274,1150,664
2026-06-24,夜勤,33,342,342
2026-06-25,日勤,268,1169,667
2026-06-25,夜勤,32,346,341
2026-06-26,日勤,265,1162,675
2026-06-26,夜勤,33,344,340
2026-06-27,日勤,269,1165,671
2026-06-27,夜勤,31,358,335
2026-06-28,日勤,260,1133,679
2026-06-28,夜勤,31,357,336
2026-06-29,日勤,273,1168,664
2026-06-29,夜勤,34,346,337
2026-06-30,日勤,269,1163,640
2026-06-30,夜勤,32,348,332
2026-07-01,日勤,264,1122,662
2026-07-01,夜勤,33,358,338
2026-07-02,日勤,267,1160,679
2026-07-02,夜勤,34,344,340
2026-07-03,日勤,263,1183,663
2026-07-03,夜勤,35,346,333
2026-07-04,日勤,268,1159,676
2026-07-04,夜勤,31,351,335
2026-07-05,日勤,263,1176,665
2026-07-05,夜勤,33,352,331
2026-07-06,日勤,276,1181,675
2026-07-06,夜勤,32,351,324
2026-07-07,日勤,274,1195,650
2026-07-07,夜勤,31,345,328
2026-07-08,日勤,261,1144,673
2026-07-08,夜勤,30,340,333
2026-07-09,日勤,263,1187,672
2026-07-09,夜勤,29,351,327
2026-07-10,日勤,265,1157,671
2026-07-10,夜勤,33,349,318
2026-07-11,日勤,262,1144,668
2026-07-11,夜勤,31,351,337
2026-07-12,日勤,269,1127,692
2026-07-12,夜勤,33,348,342
2026-07-13,日勤,265,1174,676
2026-07-13,夜勤,30,357,333
2026-07-14,日勤,267,1135,674
2026-07-14,夜勤,32,349,340
2026-07-15,日勤,272,1138,669
2026-07-15,夜勤,31,347,336
2026-07-16,日勤,265,1157,680
2026-07-16,夜勤,31,351,334
2026-07-17,日勤,270,1149,655
2026-07-17,夜勤,30,350,335
2026-07-18,日勤,269,1149,663
2026-07-18,夜勤,32,347,338
2026-07-19,日勤,273,1171,664
2026-07-19,夜勤,31,329,327
2026-07-20,日勤,268,1161,676
2026-07-20,夜勤,32,349,340
2026-07-21,日勤,267,1160,669
2026-07-21,夜勤,29,355,346
2026-07-22,日勤,263,1134,665
2026-07-22,夜勤,32,348,335
2026-07-23,日勤,271,1141,663
2026-07-23,夜勤,30,352,344
2026-07-24,日勤,271,1130,665
2026-07-24,夜勤,33,344,348
2026-07-25,日勤,273,1147,654
2026-07-25,夜勤,31,348,332
2026-07-26,日勤,266,1153,659
2026-07-26,夜勤,33,352,338
2026-07-27,日勤,266,1145,678
2026-07-27,夜勤,31,347,323
2026-07-28,日勤,267,1168,669
2026-07-28,夜勤,31,347,335
2026-07-29,日勤,266,1119,669
2026-07-29,夜勤,30,349,343
2026-07-30,日勤,272,1137,664
2026-07-30,夜勤,33,331,335
2026-07-31,日勤,271,1123,655
2026-07-31,夜勤,31,338,344
2026-08-01,日勤,272,1178,663
2026-08-01,夜勤,33,352,329
2026-08-02,日勤,273,1139,664
2026-08-02,夜勤,32,336,338
2026-08-03,日勤,268,1144,662
2026-08-03,夜勤,33,344,337
2026-08-04,日勤,274,1128,694
2026-08-04,夜勤,32,349,341
2026-08-05,日勤,268,1126,659
2026-08-05,夜勤,29,354,341
2026-08-06,日勤,275,1191,657
2026-08-06,夜勤,31,347,342
2026-08-07,日勤,261,1150,663
2026-08-07,夜勤,29,340,339
2026-08-08,日勤,276,1147,664
2026-08-08,夜勤,30,347,334
2026-08-09,日勤,278,1157,665
2026-08-09,夜勤,32,337,331
2026-08-10,日勤,263,1154,684
2026-08-10,夜勤,31,341,334
2026-08-11,日勤,272,1146,680
2026-08-11,夜勤,32,343,331
2026-08-12,日勤,270,1152,651
2026-08-12,夜勤,31,356,336
2026-08-13,日勤,258,1168,683
2026-08-13,夜勤,32,349,334
2026-08-14,日勤,265,1171,652
2026-08-14,夜勤,31,338,350
2026-08-15,日勤,262,1129,640
2026-08-15,夜勤,34,351,337
2026-08-16,日勤,264,1182,678
2026-08-16,夜勤,30,353,331
2026-08-17,日勤,277,1153,659
2026-08-17,夜勤,34,345,334
2026-08-18,日勤,273,1158,671
2026-08-18,夜勤,32,346,340
2026-08-19,日勤,266,1196,665
2026-08-19,夜勤,28,339,340
2026-08-20,日勤,271,1121,667
2026-08-20,夜勤,33,351,332
2026-08-21,日勤,264,1138,658
2026-08-21,夜勤,30,338,340
2026-08-22,日勤,264,1119,669
2026-08-22,夜勤,33,348,331
2026-08-23,日勤,258,1191,652
2026-08-23,夜勤,32,343,335
2026-08-24,日勤,276,1137,644
2026-08-24,夜勤,30,349,328
2026-08-25,日勤,265,1177,655
2026-08-25,夜勤,32,343,333
2026-08-26,日勤,266,1172,672
2026-08-26,夜勤,32,346,327
2026-08-27,日勤,265,1187,643
2026-08-27,夜勤,30,346,343
2026-08-28,日勤,263,1141,650
2026-08-28,夜勤,31,348,337
2026-08-29,日勤,272,1170,672
2026-08-29,夜勤,32,357,337
2026-08-30,日勤,271,1149,669
2026-08-30,夜勤,30,345,331
2026-08-31,日勤,272,1111,657
2026-08-31,夜勤,29,344,348
